{
    "package_version": "1.0",
    "id": "f81b2b36-2403-40ba-9ff4-10d50414c2b7",
    "type": "client-app",
    "name": "Jive SDK - Python Add-On Example",
    "description": "An example add-on using the Jive SDK for Python",
    "minimum_version": "0070300000",
    "icon_16": "extension-16.png",
    "icon_48": "extension-48.png",
    "icon_128": "extension-128.png",
    "released_on": "2015-10-19T19:11:11.234Z",
    "register_url": "%serviceURL%/jive/addon/register",
    "unregister_url": "%serviceURL%/jive/addon/unregister",
    "service_url": "https://ryanrutan.ngrok.io",
    "redirect_url": "%serviceURL%"
}
